Account_ID,FirstName,LastName,UserName,Email,Password_Hashed,Phone_Number,Created_At,Updated_At
ACC0001,Casey,Smith,csmith1,casey.smith1@example.com,TpigTHKbfoLISRABr1VjArnVgxwvqcCh5esM2wle,+1-877-433-5741,2020-06-12 08:28:32,2023-07-26 13:50:23
ACC0002,Cameron,Anderson,canderson2,cameron.anderson2@example.com,Nwwmq6OLkTkx9NIQ0Wobtqn62tOy4CqpIqK3yn9F,+1-293-973-1771,2020-08-12 05:33:53,2023-11-24 15:22:13
ACC0003,Noah,Williams,nwilliams3,noah.williams3@example.com,xKDpI6Qh2UVvsjaSS8VFgM0Fmxk754LEgw9YooJe,+1-949-697-2133,2022-12-26 04:34:43,2023-09-20 17:18:16
ACC0004,Reese,Garcia,rgarcia4,reese.garcia4@example.com,q2AnHTmt9OBGhnuKoneNo41eoPni6JDWYlgAACTP,+1-861-300-1993,2022-04-04 12:21:13,2023-08-12 09:03:11
ACC0005,Sam,Miller,smiller5,sam.miller5@example.com,HilC2eY1gOHafUozD13kay5WrRTWPElndTdtdD5G,+1-258-720-2312,2021-01-15 02:29:41,2023-05-20 08:33:48
ACC0006,Parker,Brown,pbrown6,parker.brown6@example.com,6JJcfOJtqPtqiOC56aMIgHFiveprBHs8YGPI5g2q,+1-309-960-3546,2021-07-11 10:15:30,2024-03-07 12:29:02
ACC0007,Sam,Rodriguez,srodriguez7,sam.rodriguez7@example.com,Fp4dNZcui8kBRIg6QjcwIAcw58cwQPvI28U5okXk,+1-622-225-3938,2021-11-11 14:59:24,2024-05-23 09:42:50
ACC0008,Morgan,Brown,mbrown8,morgan.brown8@example.com,xcDm4vY2nOyreVvFQ0ub2qJ8cKvWB9h3lcBGYQ6T,+1-401-572-8066,2020-05-23 12:01:19,2024-10-04 04:32:14
ACC0009,Drew,Taylor,dtaylor9,drew.taylor9@example.com,tzyshA6P3MsHarAJOCBnD3XkfFNuYUPnmbpD0ezN,+1-399-935-7291,2022-10-09 14:33:03,2024-05-14 05:22:22
ACC0010,Alex,Brown,abrown10,alex.brown10@example.com,WnXRCI4hiCGItUBY3A4Bj1BU0rWEoBSou3ejxjnz,+1-538-755-8633,2022-05-01 02:16:01,2024-02-28 15:17:49
ACC0011,Parker,Jackson,pjackson11,parker.jackson11@example.com,6b2JD6sy3ZHTX3EqEyPXS058H4KPfA1lquCu2r6A,+1-283-681-1317,2023-01-09 01:53:46,2024-12-17 08:09:49
ACC0012,Taylor,Johnson,tjohnson12,taylor.johnson12@example.com,U6mbjhPInRVkLUhY7gbtP7ySeQMgV0Lh8WvAwFv0,+1-701-308-8102,2022-01-11 23:08:27,2025-07-30 05:34:12
ACC0013,Rowan,Garcia,rgarcia13,rowan.garcia13@example.com,T7qYHDBTq0Zf2pCLxb0lnXv2Rra6fSEVQOEXfnQs,+1-795-577-8753,2023-02-07 19:19:48,2024-12-05 15:29:31
ACC0014,Reese,Hernandez,rhernandez14,reese.hernandez14@example.com,vCtoStU6QlTrKVL8ZswsRhcds6NUgarDv7p1heEJ,+1-902-254-3485,2020-11-01 20:29:32,2024-09-14 03:06:04
ACC0015,Jamie,Brown,jbrown15,jamie.brown15@example.com,IzKMWx4sKAJd7gVMqfoIjzQDcrr1eoqXKXmhnjqi,+1-261-369-6039,2023-05-03 20:43:27,2024-08-14 15:59:20
ACC0016,Casey,Anderson,canderson16,casey.anderson16@example.com,QR6FEecAtpf7ZJ69PqcUDO4lKNEfvuP1uRr6YICt,+1-531-318-7622,2022-11-19 00:02:30,2025-08-04 15:02:45
ACC0017,Jordan,Miller,jmiller17,jordan.miller17@example.com,GMEBdqir2EbNXStazn0h6Oj5sRzDDCilLUieV0vW,+1-473-202-5634,2021-09-03 21:22:11,2025-09-29 05:24:36
ACC0018,Harper,Moore,hmoore18,harper.moore18@example.com,EuVx518ox1ztD4x9XOj7h7ug0g4ai18eWqMyeuPH,+1-524-841-8994,2023-01-13 01:18:25,2023-05-21 08:32:51
ACC0019,Drew,Davis,ddavis19,drew.davis19@example.com,UAgN2BR4cXsxjGJXke1Mo4iCppaX3QjBvKNAp0mx,+1-694-309-4886,2022-02-20 20:49:23,2025-01-05 20:55:41
ACC0020,Drew,Martinez,dmartinez20,drew.martinez20@example.com,bZya1W84UZ3WoXnlpUVQigMcWcwi4uzmW2wFqk46,+1-502-964-6549,2020-08-23 17:03:05,2023-06-04 05:07:29
ACC0021,Jamie,Gonzalez,jgonzalez21,jamie.gonzalez21@example.com,7XwXaHCPPKY6gob2I4ndZ4szi6sEg3iCPU6zUjzg,+1-701-830-7686,2021-07-26 01:11:28,2025-01-28 07:54:37
ACC0022,Harper,Anderson,handerson22,harper.anderson22@example.com,61gQH8wylh0CPNLbWphJeVmn1uj3a1iipkObaWou,+1-378-471-1858,2020-09-16 15:19:36,2025-12-13 04:08:16
ACC0023,Taylor,Thomas,tthomas23,taylor.thomas23@example.com,BwKCnMT4OsNb90AgSB3tjhMKSxLsFAXhO2I1A3zZ,+1-608-625-2557,2021-10-02 15:32:16,2024-10-02 09:16:48
ACC0024,Quinn,Jones,qjones24,quinn.jones24@example.com,QDffAUxid7IPz26A4drtgFjD0vIhroAIVMPILOQb,+1-479-919-6062,2021-11-26 12:46:49,2023-01-13 06:36:17
ACC0025,Riley,Jackson,rjackson25,riley.jackson25@example.com,OeT8fGxCjtu6K2jUdfBALznFvgQKGtn9dm6VVrhE,+1-640-379-3116,2022-02-17 19:23:26,2024-04-16 18:12:50
ACC0026,Reese,Lopez,rlopez26,reese.lopez26@example.com,e1cb51JJRzhbuXMZ5f0pKGytvukFhF4vTYYojmLV,+1-871-277-3902,2023-07-10 17:59:24,2025-08-08 20:31:29
ACC0027,Evan,Anderson,eanderson27,evan.anderson27@example.com,Q2N9u8tBDNXKveCcwrN8fKxJ7Tc4JlLF7BYZ8fOc,+1-924-648-8199,2022-12-09 19:01:57,2023-11-22 13:14:56
ACC0028,Quinn,Martinez,qmartinez28,quinn.martinez28@example.com,yWQdNuuIxp07LjfP4tOPhRfINuhR694fPFbt6vVl,+1-340-358-2264,2021-08-28 03:40:56,2025-11-05 19:39:08
ACC0029,Blake,Johnson,bjohnson29,blake.johnson29@example.com,P2MLjlQM3ScwS8LUWoo7W4mQJBVWFzkmL2dDx5SF,+1-327-491-2374,2020-11-24 09:55:55,2025-07-09 18:41:26
ACC0030,Riley,Wilson,rwilson30,riley.wilson30@example.com,f4Y25zyxxfntgSujc4DZVDM4bnj6LAWohoNMdZEH,+1-847-727-4963,2020-10-21 10:36:17,2025-05-29 00:03:25
ACC0031,Noah,Lopez,nlopez31,noah.lopez31@example.com,ozPf8eGF9IyDN8pbWvTMVTucHYkWCRNYdWCscmc5,+1-727-607-9897,2022-08-27 09:13:22,2023-03-16 23:33:10
ACC0032,Sam,Martinez,smartinez32,sam.martinez32@example.com,wW1uhw3U3x8EE5GXTeLYHteOtLAQvc1v9r86eNwX,+1-895-363-1510,2020-10-19 22:07:15,2025-06-16 01:16:01
ACC0033,Riley,Williams,rwilliams33,riley.williams33@example.com,oOw6cjBwBeiwtr7blG4hWRnLR9miekS9Y79PRIss,+1-361-928-3852,2022-01-10 18:31:23,2024-04-04 04:25:07
ACC0034,Sam,Jones,sjones34,sam.jones34@example.com,oEwJC8i2eySDzzJhteCGhZIKViF1ZGsk5n6Grem7,+1-481-328-5961,2023-06-12 19:25:24,2023-07-11 18:17:53
ACC0035,Morgan,Jackson,mjackson35,morgan.jackson35@example.com,6jOSL0IZbcNJOVzNEMr7DXQsedBEmLtST18iwItC,+1-473-660-5061,2020-10-15 03:31:29,2023-04-14 10:33:58
ACC0036,Parker,Martin,pmartin36,parker.martin36@example.com,z73Y5Slj9C2EfyCoKdrL0PragiqwzcdIwrxBIZML,+1-331-299-7453,2022-02-03 12:20:44,2025-01-18 05:15:09
ACC0037,Sam,Martin,smartin37,sam.martin37@example.com,FFciuDCLFuMk9TsuZHRsYwP8KXSQbD7WWJSKkMM0,+1-351-897-4968,2020-03-05 20:50:47,2023-08-14 06:56:46
ACC0038,Alex,Anderson,aanderson38,alex.anderson38@example.com,tjQzW52TdimuPGtk4vvVSNQLlpIn8srmRtv5XqhP,+1-588-604-6654,2020-10-26 10:34:30,2023-03-28 10:28:20
ACC0039,Taylor,Lopez,tlopez39,taylor.lopez39@example.com,5OUnZqIqgTod4noguDQi78jO2DOUrrdVOoT0c5zZ,+1-237-606-9116,2021-01-16 10:32:21,2023-03-18 00:20:14
ACC0040,Drew,Jackson,djackson40,drew.jackson40@example.com,L5uCNG3iFqYuTOSausPlLNzAuyf8D6axBquKJqwo,+1-883-321-8625,2021-09-20 05:48:54,2025-04-10 18:17:46
ACC0041,Drew,Brown,dbrown41,drew.brown41@example.com,N6wn7DC9xR4UXZVQKWGGw4gZ3mHk0BQSE3BdizII,+1-888-515-1356,2022-03-21 09:15:52,2023-01-07 07:56:00
ACC0042,Evan,Williams,ewilliams42,evan.williams42@example.com,cvd95e5bzVV8OA9x14xQPHOvlHGTnabsPHGZpvr6,+1-942-983-2848,2020-03-06 15:15:50,2023-02-02 08:45:44
ACC0043,Sam,Williams,swilliams43,sam.williams43@example.com,gcLRdTyon1dFrYTtLPtsiOnsd624MAE86PWtzjxU,+1-684-446-4692,2021-09-07 05:15:20,2025-08-06 02:05:52
ACC0044,Reese,Wilson,rwilson44,reese.wilson44@example.com,8IipmO50fSlqPL2lVSID1u7a67h9DpLm4IWxHwqF,+1-709-677-2615,2022-08-19 11:39:33,2024-02-21 13:29:49
ACC0045,Avery,Wilson,awilson45,avery.wilson45@example.com,c1TbIKSsmoJpI6uVESTCTviHl397G0eYdaiNejnC,+1-261-832-8916,2023-09-12 17:45:44,2023-02-02 00:14:26
ACC0046,Reese,Moore,rmoore46,reese.moore46@example.com,zbSHrFRA6l4GoMpvXe7CpRsZe9ObzxDNRf0Nu883,+1-243-435-4463,2023-11-18 20:38:09,2025-08-31 09:52:12
ACC0047,Jordan,Williams,jwilliams47,jordan.williams47@example.com,QrHOl0amiYY5sIJ0PHxTXQeUvgoeLMK8uNWBoIxl,+1-799-876-7227,2020-06-24 22:31:23,2024-08-27 08:58:22
ACC0048,Taylor,Williams,twilliams48,taylor.williams48@example.com,qxWjywf6BVgfAIFgfILW1azWSI9pGQkqqjkrsWw6,+1-938-840-9123,2023-05-01 22:27:08,2024-02-05 16:40:12
ACC0049,Casey,Jones,cjones49,casey.jones49@example.com,s6uMXuuY18it6mt78sREJpxYyhIKHQI7CRBsQYXz,+1-711-342-5961,2021-05-10 09:11:59,2023-11-12 15:24:20
ACC0050,Parker,Williams,pwilliams50,parker.williams50@example.com,BLKH51zc8RYK4gpPkLINO7uXggnUIQnxCQQj9Ds5,+1-287-318-3321,2021-12-14 11:21:20,2024-12-03 16:34:41
ACC0051,Sam,Taylor,staylor51,sam.taylor51@example.com,DDBRtsYh0OPk9pkjI7ozlNAbMmKyRmUYdg2luCq1,+1-740-854-6134,2023-05-07 14:08:59,2025-03-14 21:22:19
ACC0052,Casey,Lopez,clopez52,casey.lopez52@example.com,vCkPX4KPtohxiyKJAEH45kkrl0M17EmxIOzESBkJ,+1-979-425-5785,2020-03-07 10:00:25,2024-04-05 19:34:25
ACC0053,Drew,Garcia,dgarcia53,drew.garcia53@example.com,WJVEFJqH9HUVBnATOp2bq1f1hYnTQ1LAMWYXJHLk,+1-920-499-5740,2023-03-18 09:44:01,2025-11-19 03:28:01
ACC0054,Riley,Wilson,rwilson54,riley.wilson54@example.com,491h1pSZVPEJqzCN2fFr6w6uaVTTCPwdHnAnqZuJ,+1-779-696-6631,2023-10-29 01:45:45,2023-04-05 03:37:31
ACC0055,Harper,Smith,hsmith55,harper.smith55@example.com,h1Ba7mQiOj5qOpx4kysRoORaDioQaRY9AiexTgt2,+1-340-591-3181,2023-08-06 05:12:04,2023-05-21 19:18:54
ACC0056,Evan,Smith,esmith56,evan.smith56@example.com,LkvnU5MBn3ihTvAXpNpLSr6b02mLlyOWXoxoNe3a,+1-569-524-3162,2022-03-03 20:41:38,2025-05-11 13:18:15
ACC0057,Reese,Garcia,rgarcia57,reese.garcia57@example.com,V7VbeqcdWFMFzRfHMrtFmYHyNZQeRT0dfACLtTTh,+1-924-340-1185,2020-12-01 18:04:25,2024-12-11 19:02:31
ACC0058,Blake,Rodriguez,brodriguez58,blake.rodriguez58@example.com,khWq2VbYqdSJeCwEJwpgJSoFc1pDxj51I4TAtzSq,+1-279-785-7108,2020-09-01 18:16:43,2023-04-18 06:31:47
ACC0059,Jamie,Taylor,jtaylor59,jamie.taylor59@example.com,87eCr0uIamIsMCKEVm3Vpazov026aO0TgGoEd9Sf,+1-437-732-7767,2023-12-06 13:33:43,2025-07-27 03:05:28
ACC0060,Evan,Brown,ebrown60,evan.brown60@example.com,FNyKdPis05yZuCo6iVggBthwVCC0fYsRLn1jS8yd,+1-506-466-3848,2020-03-04 14:43:24,2025-07-15 20:14:29
ACC0061,Reese,Davis,rdavis61,reese.davis61@example.com,fgXhdWnmyQ6fK4e9mOYf0Yh6d5ASExAv4rBjMMOE,+1-763-690-1999,2020-06-28 10:11:10,2025-02-23 04:59:47
ACC0062,Rowan,Miller,rmiller62,rowan.miller62@example.com,NXp9HbxSDWvJtqbLbYrYDwKojpoHXTV6J8y59kot,+1-955-914-6878,2023-04-26 01:01:37,2024-12-21 20:40:03
ACC0063,Evan,Jones,ejones63,evan.jones63@example.com,Il92EtEfonGa4miS40ubK4W017x6ygsij6X7Ok8R,+1-828-565-4657,2023-09-25 21:26:34,2023-12-26 13:46:35
ACC0064,Drew,Martinez,dmartinez64,drew.martinez64@example.com,hT66y97cL57nJ6iUo8k2fRN2BqpepgaxT82ExHgD,+1-791-866-4695,2020-11-29 16:25:51,2023-05-31 01:12:59
ACC0065,Drew,Smith,dsmith65,drew.smith65@example.com,t7ekxTH3fKMDb6k3jgmlRSTqrodJ0jwAsPLmbksf,+1-318-515-7512,2022-08-22 17:48:26,2024-06-26 03:19:05
ACC0066,Reese,Gonzalez,rgonzalez66,reese.gonzalez66@example.com,l2wBqCoqdUPfvH8KI0YzH1D2De3SF3XQMhUk98Yh,+1-633-280-8133,2021-02-17 22:50:11,2023-10-30 21:39:54
ACC0067,Cameron,Hernandez,chernandez67,cameron.hernandez67@example.com,44eyyurC2WMGAzjKV65IgrHvzxELcriLRc3uoU53,+1-220-545-5965,2021-09-28 10:12:25,2025-10-03 03:34:33
ACC0068,Jamie,Jones,jjones68,jamie.jones68@example.com,sUVtTLfB4zEGxdXeRzWGJk2mdcdwmwCy5QpEB7DI,+1-552-367-5237,2023-11-11 03:17:27,2024-08-06 00:59:57
ACC0069,Parker,Johnson,pjohnson69,parker.johnson69@example.com,kJ71OQqzbWVa4OLapXs7NAxvpCPZygFP0xOLsgd9,+1-855-532-5536,2021-06-18 23:53:18,2024-09-03 06:51:28
ACC0070,Riley,Taylor,rtaylor70,riley.taylor70@example.com,V3XXLOQSO9qzycRJlTnHW4PF002lghqYVlQufwUt,+1-539-580-5269,2023-04-14 10:42:21,2025-08-07 04:17:17
ACC0071,Skyler,Johnson,sjohnson71,skyler.johnson71@example.com,1K6e3F1xsd0imzJ4CtSWENkNaqVkVEVfMNz7xcmx,+1-214-529-9700,2021-01-25 00:39:08,2023-01-09 22:49:01
ACC0072,Jamie,Davis,jdavis72,jamie.davis72@example.com,QvhxKkZssTKu39v3wl64zoTiTKkwOc2pHd9PObQz,+1-589-326-9966,2021-06-01 17:16:20,2023-11-10 07:28:54
ACC0073,Alex,Martinez,amartinez73,alex.martinez73@example.com,AgGMRz3FMrWELWZ8wzjH4QDoafgJE6WeS4NC8qdY,+1-240-497-6901,2023-10-18 11:23:07,2025-05-22 04:13:11
ACC0074,Casey,Johnson,cjohnson74,casey.johnson74@example.com,aiOu37qTxvhyCZQDA2kiT80g4DJBLWL12T3DE3Bd,+1-870-521-1202,2023-12-13 19:06:28,2024-04-03 12:19:01
ACC0075,Blake,Taylor,btaylor75,blake.taylor75@example.com,QMATDPNjZ3Ma5FDEkUturFIxYeBJfEt8UbzcIZX7,+1-852-511-9328,2023-02-25 07:31:52,2025-07-23 12:24:36
ACC0076,Quinn,Johnson,qjohnson76,quinn.johnson76@example.com,Y0uVLSwCgOawNXHxg3EYUzpmh0nZluUcNPh3CKF7,+1-204-743-1795,2023-02-07 15:45:29,2025-09-16 18:30:28
ACC0077,Morgan,Jackson,mjackson77,morgan.jackson77@example.com,kYgOLt2zLQpyvsXiL2F0HtTInnSQ5iS8lHNSVIK6,+1-927-627-9747,2021-08-08 15:22:43,2023-01-27 19:01:55
ACC0078,Casey,Smith,csmith78,casey.smith78@example.com,xddqW8QjdWmHwCMPInOyFXRQcxzWQ7dUm11BnNRw,+1-802-759-4218,2021-01-31 10:42:38,2025-07-08 06:27:35
ACC0079,Taylor,Garcia,tgarcia79,taylor.garcia79@example.com,7Thcrqj0aC6c5LVM0sWIeRG7GWjHzv2Pus6MDIUO,+1-317-884-6668,2022-07-01 08:45:02,2024-05-14 01:27:06
ACC0080,Avery,Gonzalez,agonzalez80,avery.gonzalez80@example.com,46xHr4YxXBc3lF6k7HaePV1AgHR8WO6UjCufdXIJ,+1-433-464-7678,2022-03-05 16:25:29,2025-04-08 15:45:57
ACC0081,Avery,Smith,asmith81,avery.smith81@example.com,yhaSdUc0wFrQLr5xYbjnUX0sNs271O7a2icJyHfn,+1-959-943-6633,2021-03-09 15:01:27,2025-11-15 05:11:11
ACC0082,Morgan,Garcia,mgarcia82,morgan.garcia82@example.com,nZmlX0059CIsegSEuhOgM3tBMsKJwtAapnTB0iT2,+1-673-656-6877,2021-09-17 17:43:48,2023-08-11 06:23:58
ACC0083,Noah,Williams,nwilliams83,noah.williams83@example.com,01iHq2eebFbKzK4IH9DWwnVTsCFyFP0YMkFBl6O7,+1-953-949-8921,2022-01-04 01:28:17,2024-03-24 17:45:16
ACC0084,Jamie,Williams,jwilliams84,jamie.williams84@example.com,qoPGXy42cOg8NqTJJxxK3ep8nzYvX3a2BoFrjjLY,+1-876-435-7793,2021-11-07 04:07:35,2025-09-13 17:25:59
ACC0085,Skyler,Miller,smiller85,skyler.miller85@example.com,KOzphKiF3jk5Gz8N2TY6nLDDnziKVMFkQ5KexibG,+1-716-900-7877,2020-11-02 22:02:45,2023-07-17 06:27:35
ACC0086,Skyler,Martin,smartin86,skyler.martin86@example.com,L2GUfO3Ha6QAA2RA6DVvX4ZJApV4fLHpaUaGGxmX,+1-618-570-2746,2020-11-12 15:30:46,2024-06-03 09:30:49
ACC0087,Reese,Wilson,rwilson87,reese.wilson87@example.com,JL9ymIIlID9JWyi1hoW6gFWXMQdyNXZDLfqwLS5y,+1-871-733-5693,2023-12-28 21:45:11,2023-04-28 06:22:53
ACC0088,Skyler,Anderson,sanderson88,skyler.anderson88@example.com,a05GmWFRMPwO8fryPzmaR4ITIKvYo7CzakFIFvhF,+1-463-750-5098,2023-11-22 16:07:14,2025-02-11 20:30:15
ACC0089,Skyler,Davis,sdavis89,skyler.davis89@example.com,U7CCKbheN9Pot7GaZpfPYe5Dv3q6Q4EmT2mmpMjg,+1-280-892-9071,2023-06-11 00:14:28,2023-03-28 17:33:34
ACC0090,Quinn,Martin,qmartin90,quinn.martin90@example.com,t32JrlVFyUhGA6cv1WChGtaPxgw1lqq7vlAzUwyB,+1-785-334-4744,2020-07-23 09:49:42,2024-04-27 20:13:09
ACC0091,Rowan,Gonzalez,rgonzalez91,rowan.gonzalez91@example.com,mXTDaAi3NHtEp1cgknp0fUqwIYvzvQLJOH8ruFWB,+1-280-590-5694,2022-08-07 22:59:59,2023-10-24 06:06:04
ACC0092,Avery,Wilson,awilson92,avery.wilson92@example.com,NJ0ekotsqNqB1wK7zlbTP6Rekgd2IbyVfqjO2tpr,+1-841-329-3150,2022-12-14 06:12:41,2023-02-28 01:16:47
ACC0093,Quinn,Hernandez,qhernandez93,quinn.hernandez93@example.com,1C15Ii6HKCU2ANH4DoftzjaGVirHQEUsVXLXHl2B,+1-455-367-7385,2022-02-13 08:01:53,2024-06-22 02:53:02
ACC0094,Rowan,Davis,rdavis94,rowan.davis94@example.com,GXMRqOGqleigCCREtj8b8rhBafanAWExRbeUjqyH,+1-385-396-5097,2022-02-20 00:27:33,2023-09-07 09:03:51
ACC0095,Parker,Anderson,panderson95,parker.anderson95@example.com,p9mTfPmy76jTUIhDswdP8oAaXKyp8KQQjVpEQu8V,+1-261-261-6824,2023-08-13 05:36:14,2023-08-08 04:34:52
ACC0096,Skyler,Davis,sdavis96,skyler.davis96@example.com,tINv3TbxSpcRIHEJHuD1L1jGBYHCWFT2MwMtd7Yl,+1-899-709-3525,2023-06-09 10:18:30,2024-10-22 14:55:13
ACC0097,Avery,Brown,abrown97,avery.brown97@example.com,fOc6lbglbNyEMKdnSa5O5ZDNwU3YXdMGTZenGgox,+1-397-738-5075,2023-03-13 22:46:02,2024-01-02 20:19:53
ACC0098,Reese,Wilson,rwilson98,reese.wilson98@example.com,UVJPRAgXIFOHL53I90zNZuoHxIUwC7acrbi3a9nt,+1-990-906-5521,2023-02-07 18:36:53,2023-11-13 03:25:58
ACC0099,Jordan,Anderson,janderson99,jordan.anderson99@example.com,wiwKoYfy4TSXkZQJ4KsTJedVvYz11oOLaWxscHjF,+1-426-356-1827,2023-10-11 14:18:15,2025-07-01 21:40:05
ACC0100,Evan,Taylor,etaylor100,evan.taylor100@example.com,fAWjuDUHqyARVDmyJI9GpqAQJgzwlvOVkvYXMB5o,+1-901-582-3555,2020-06-24 04:05:28,2023-04-22 08:50:56
